{"train": [{"recon": [4107913.018384589, 5154.016086962223], "kl": [159.57806912755967, 201.5711226387024], "elbo": [-4107914.612143746, -5158.0474282474515]}, {"recon": [4.9799988145828245, 3625407.855946827], "kl": [20.780074523448945, 1816.5318623437881], "elbo": [-5.187799566745758, -3625444.170656806]}], "val": [{"recon": [5.98937051486969, 6.059624531745911], "kl": [94.06624571990967, 189.40550579833985], "elbo": [-6.930032949924469, -9.847734560966492]}, {"recon": [4.684167506694794, 5.475524452209473], "kl": [53.769346858978274, 193.70868342590333], "elbo": [-5.2218609638214115, -9.34969803237915]}]}